Source,Target,Weight,Distancia,Duracao
"ACOPIARA, CE",HOSPITAL REGIONAL DE IGUATU,1,37.3 km,37 mins
"ACOPIARA, CE",HM HOSPITAL DE MESSEJANA DR CARLOS ALBERTO STUDART GOMES,2,354 km,4 hours 57 mins
"ACOPIARA, CE",HGCC HOSPITAL GERAL DR CESAR CALS,1,355 km,5 hours 12 mins
"ACOPIARA, CE",HOSPITAL UNIVERSITARIO WALTER CANTIDIO,1,353 km,5 hours 6 mins
"ACOPIARA, CE",HOSPITAL MATERNIDADE SAO VICENTE DE PAULO HMSVP,1,199 km,3 hours 18 mins
"ACOPIARA, CE",HOSPITAL DISTRITAL DR FERNANDES TAVORA,1,353 km,5 hours 6 mins
"ACOPIARA, CE",HOSPITAL MUNICIPAL DE ACOPIARA PADRE CRISARES SAMPAIO COUTO,1,0.7 km,3 mins
"AQUIRAZ, CE",HOSP GERAL MANUEL ASSUNCAO PIRES,1,0.5 km,2 mins
"AQUIRAZ, CE",HM HOSPITAL DE MESSEJANA DR CARLOS ALBERTO STUDART GOMES,3,23.5 km,27 mins
"AQUIRAZ, CE",HOSPITAL HAROLDO JUACABA,1,32.3 km,48 mins
"AQUIRAZ, CE",HOSPITAL UNIVERSITARIO WALTER CANTIDIO,1,31.7 km,46 mins
"AQUIRAZ, CE",HGCC HOSPITAL GERAL DR CESAR CALS,1,31.1 km,48 mins
"AQUIRAZ, CE",HOSPITAL DISTRITAL DR FERNANDES TAVORA,1,36.3 km,58 mins
"AQUIRAZ, CE",CRIO CENTRO REGIONAL INTEGRADO DE ONCOLOGIA,1,36.2 km,58 mins
"AQUIRAZ, CE",HGF HOSPITAL GERAL DE FORTALEZA,1,26.1 km,39 mins
"CANINDE, CE",HM HOSPITAL DE MESSEJANA DR CARLOS ALBERTO STUDART GOMES,2,131 km,1 hour 49 mins
"CANINDE, CE",HOSPITAL HAROLDO JUACABA,1,115 km,1 hour 42 mins
"CANINDE, CE",HGCC HOSPITAL GERAL DR CESAR CALS,1,117 km,1 hour 48 mins
"CANINDE, CE",HOSPITAL JOSE MARIA PHILOMENO GOMES,1,136 km,2 hours 10 mins
"CAUCAIA, CE",HM HOSPITAL DE MESSEJANA DR CARLOS ALBERTO STUDART GOMES,2,36.5 km,40 mins
"CAUCAIA, CE",HGCC HOSPITAL GERAL DR CESAR CALS,1,18.7 km,31 mins
"CAUCAIA, CE",HOSP MUN ABELARDO GADELHA DA ROCHA,1,2.7 km,8 mins
"CAUCAIA, CE",HGF HOSPITAL GERAL DE FORTALEZA,1,25.9 km,48 mins
"CAUCAIA, CE",HOSPITAL HAROLDO JUACABA,1,15.9 km,26 mins
"CAUCAIA, CE",HOSPITAL UNIVERSITARIO WALTER CANTIDIO,1,16.3 km,26 mins
"CAUCAIA, CE",H J M A HOSPITAL JOSE MARTINIANO DE ALENCAR,1,17.2 km,30 mins
"CAUCAIA, CE",HOSPITAL GERAL DR WALDEMAR ALCANTARA,3,38.8 km,44 mins
"CAUCAIA, CE",HOSPITAL DISTRITAL DR FERNANDES TAVORA,1,14.7 km,21 mins
"FORTALEZA, CE",CRIO CENTRO REGIONAL INTEGRADO DE ONCOLOGIA,1,6.5 km,18 mins
"FORTALEZA, CE",HGCC HOSPITAL GERAL DR CESAR CALS,1,1.3 km,5 mins
"FORTALEZA, CE",HM HOSPITAL DE MESSEJANA DR CARLOS ALBERTO STUDART GOMES,32,11.4 km,21 mins
"FORTALEZA, CE",HOSPITAL GERAL DR WALDEMAR ALCANTARA,4,16.0 km,28 mins
"FORTALEZA, CE",HOSPITAL UNIVERSITARIO WALTER CANTIDIO,2,4.1 km,12 mins
"FORTALEZA, CE",HGF HOSPITAL GERAL DE FORTALEZA,3,6.7 km,22 mins
"FORTALEZA, CE",HOSPITAL HAROLDO JUACABA,2,4.7 km,15 mins
"FORTALEZA, CE",HOSPITAL BATISTA MEMORIAL,1,4.4 km,15 mins
"FORTALEZA, CE",IJF INSTITUTO DR JOSE FROTA CENTRAL,1,0.9 km,5 mins
"FORTALEZA, CE",HIAS HOSPITAL INFANTIL ALBERT SABIN,2,5.0 km,15 mins
"FORTALEZA, CE",HOSPITAL MUNICIPAL DR JOAO ELISIO DE HOLANDA,1,34.9 km,45 mins
"FORTALEZA, CE",H J M A HOSPITAL JOSE MARTINIANO DE ALENCAR,1,1.9 km,8 mins
"FORTALEZA, CE",SANTA CASA DE MISERICORDIA DE FORTALEZA,1,1.4 km,5 mins
"FORTALEZA, CE",HOSPITAL E MATERNIDADE DRA ZILDA ARNS NEUMANN,1,7.6 km,21 mins
"FORTALEZA, CE",HOSPITAL DISTRITAL DR FERNANDES TAVORA,1,6.6 km,18 mins
"FORTALEZA, CE",HOSP GERAL MANUEL ASSUNCAO PIRES,1,33.8 km,43 mins
"FORTALEZA, CE",HOSPITAL DISTRITAL GONZAGA MOTA BARRA DO CEARA,1,9.5 km,26 mins
"FORTALEZA, CE",HOSPITAL DISTRITAL MARIA JOSE BARROSO DE OLIVEIRA PARANGABA,1,9.0 km,23 mins
"FORTALEZA, CE",HOSPITAL ESTADUAL LEONARDO DA VINCI,1,2.6 km,10 mins
"HIDROLANDIA, CE",HM HOSPITAL DE MESSEJANA DR CARLOS ALBERTO STUDART GOMES,1,265 km,3 hours 26 mins
"HIDROLANDIA, CE",SANTA CASA DE MISERICORDIA DE SOBRAL,1,118 km,1 hour 33 mins
"HORIZONTE, CE",HGF HOSPITAL GERAL DE FORTALEZA,1,44.5 km,49 mins
"HORIZONTE, CE",HM HOSPITAL DE MESSEJANA DR CARLOS ALBERTO STUDART GOMES,1,32.7 km,32 mins
"HORIZONTE, CE",HOSPITAL HAROLDO JUACABA,1,45.3 km,53 mins
"HORIZONTE, CE",HOSPITAL UNIVERSITARIO WALTER CANTIDIO,1,44.7 km,50 mins
"HORIZONTE, CE",HOSPITAL JOSE MARIA PHILOMENO GOMES,1,10.0 km,16 mins
"HORIZONTE, CE",HGCC HOSPITAL GERAL DR CESAR CALS,1,44.1 km,53 mins
"IGUATU, CE",HGCC HOSPITAL GERAL DR CESAR CALS,1,366 km,5 hours 11 mins
"IGUATU, CE",HOSPITAL REGIONAL DE IGUATU,2,1 m,1 min
"IGUATU, CE",HOSPITAL HAROLDO JUACABA,1,367 km,5 hours 12 mins
"IGUATU, CE",HM HOSPITAL DE MESSEJANA DR CARLOS ALBERTO STUDART GOMES,1,354 km,4 hours 50 mins
"IGUATU, CE",HOSPITAL UNIVERSITARIO WALTER CANTIDIO,1,366 km,5 hours 9 mins
"IGUATU, CE",HOSPITAL MATERNIDADE SAO VICENTE DE PAULO HMSVP,1,162 km,2 hours 43 mins
"IPUEIRAS, CE",HM HOSPITAL DE MESSEJANA DR CARLOS ALBERTO STUDART GOMES,2,316 km,4 hours 9 mins
"IPUEIRAS, CE",HOSPITAL UNIVERSITARIO WALTER CANTIDIO,1,301 km,4 hours 2 mins
"IPUEIRAS, CE",HOSP MATERN OTACILIO MOTA,1,1 m,1 min
"IPUEIRAS, CE",HOSPITAL SAO LUCAS,1,"4,061 km",2 days 3 hours
"IPUEIRAS, CE",SANTA CASA DE MISERICORDIA DE SOBRAL,1,126 km,1 hour 58 mins
"ITAPIPOCA, CE",HGCC HOSPITAL GERAL DR CESAR CALS,1,147 km,2 hours 9 mins
"ITAPIPOCA, CE",HOSPITAL MATERNIDADE SAO VICENTE DE PAULO,1,634 km,8 hours 55 mins
"ITAPIPOCA, CE",HM HOSPITAL DE MESSEJANA DR CARLOS ALBERTO STUDART GOMES,2,149 km,2 hours 15 mins
"ITAPIPOCA, CE",HOSPITAL UNIVERSITARIO WALTER CANTIDIO,1,144 km,2 hours 3 mins
"ITAPIPOCA, CE",HOSPITAL HAROLDO JUACABA,1,144 km,2 hours 4 mins
"ITAPIPOCA, CE",HIAS HOSPITAL INFANTIL ALBERT SABIN,1,147 km,2 hours 13 mins
"ITAPIPOCA, CE",CRIO CENTRO REGIONAL INTEGRADO DE ONCOLOGIA,1,142 km,1 hour 59 mins
"ITAPIPOCA, CE",HGF HOSPITAL GERAL DE FORTALEZA,1,154 km,2 hours 26 mins
"JAGUARIBARA, CE",HM HOSPITAL DE MESSEJANA DR CARLOS ALBERTO STUDART GOMES,1,217 km,3 hours 0 mins
"JAGUARIBARA, CE",HOSPITAL UNIVERSITARIO WALTER CANTIDIO,1,229 km,3 hours 18 mins
"JAGUARUANA, CE",HM HOSPITAL DE MESSEJANA DR CARLOS ALBERTO STUDART GOMES,1,174 km,2 hours 35 mins
"JAGUARUANA, CE",HOSPITAL E CASA DE SAUDE DE RUSSAS,1,27.9 km,36 mins
"JAGUARUANA, CE",H J M A HOSPITAL JOSE MARTINIANO DE ALENCAR,1,185 km,2 hours 54 mins
"JAGUARUANA, CE",HGCC HOSPITAL GERAL DR CESAR CALS,1,186 km,2 hours 56 mins
"JUAZEIRO DO NORTE, CE",HM HOSPITAL DE MESSEJANA DR CARLOS ALBERTO STUDART GOMES,1,483 km,7 hours 2 mins
"JUAZEIRO DO NORTE, CE",HOSPITAL REGIONAL DO CARIRI,1,2.3 km,7 mins
"JUAZEIRO DO NORTE, CE",HOSPITAL MATERNIDADE SAO VICENTE DE PAULO HMSVP,4,11.2 km,18 mins
"JUAZEIRO DO NORTE, CE",HOSPITAL DO CORACAO DO CARIRI,1,11.9 km,19 mins
"MARACANAU, CE",HOSPITAL MUNICIPAL DR JOAO ELISIO DE HOLANDA,1,2.1 km,7 mins
"MARACANAU, CE",HM HOSPITAL DE MESSEJANA DR CARLOS ALBERTO STUDART GOMES,3,24.5 km,30 mins
"MARACANAU, CE",HOSPITAL HAROLDO JUACABA,2,19.7 km,37 mins
"MARACANAU, CE",CRIO CENTRO REGIONAL INTEGRADO DE ONCOLOGIA,2,28.9 km,39 mins
"MARACANAU, CE",HOSPITAL DISTRITAL DR FERNANDES TAVORA,1,28.9 km,39 mins
"MARACANAU, CE",HGCC HOSPITAL GERAL DR CESAR CALS,1,22.1 km,41 mins
"MARACANAU, CE",HOSPITAL UNIVERSITARIO WALTER CANTIDIO,1,18.8 km,34 mins
"MARACANAU, CE",HGF HOSPITAL GERAL DE FORTALEZA,1,29.1 km,49 mins
"MISSAO VELHA, CE",HOSPITAL HAROLDO JUACABA,1,508 km,7 hours 19 mins
"MISSAO VELHA, CE",IMTAVI,1,39.8 km,39 mins
"MISSAO VELHA, CE",HOSPITAL MATERNIDADE SAO VICENTE DE PAULO HMSVP,1,22.0 km,23 mins
"MISSAO VELHA, CE",HOSPITAL MATERNIDADE SANTO ANTONIO HMSA,1,"1,506 km",23 hours 37 mins
"MISSAO VELHA, CE",HOSPITAL DO CORACAO DO CARIRI,1,22.8 km,24 mins
"MOMBACA, CE",CRIO CENTRO REGIONAL INTEGRADO DE ONCOLOGIA,2,305 km,4 hours 23 mins
"MOMBACA, CE",HM HOSPITAL DE MESSEJANA DR CARLOS ALBERTO STUDART GOMES,1,321 km,4 hours 30 mins
"MOMBACA, CE",HOSP MATERN ANT ADERALDO CASTELO,1,"2,122 km",1 day 8 hours
"MOMBACA, CE",HOSPITAL HAROLDO JUACABA,1,306 km,4 hours 23 mins
"PEDRA BRANCA, CE",HM HOSPITAL DE MESSEJANA DR CARLOS ALBERTO STUDART GOMES,2,276 km,3 hours 46 mins
"PEDRA BRANCA, CE",HOSPITAL MUNICIPAL SAO SEBASTIAO E MATERNIDADE CELIA MENDES,2,0.6 km,2 mins
"PEDRA BRANCA, CE",HGF HOSPITAL GERAL DE FORTALEZA,1,274 km,4 hours 2 mins
"PEDRA BRANCA, CE",HOSPITAL UNIVERSITARIO WALTER CANTIDIO,1,261 km,3 hours 39 mins
"PIRES FERREIRA, CE",SANTA CASA DE MISERICORDIA DE SOBRAL,1,90.5 km,1 hour 23 mins
"QUIXELO, CE",HM HOSPITAL DE MESSEJANA DR CARLOS ALBERTO STUDART GOMES,1,331 km,4 hours 26 mins
"QUIXELO, CE",HOSPITAL REGIONAL DE IGUATU,1,23.9 km,27 mins
"RUSSAS, CE",HOSPITAL GERAL DR WALDEMAR ALCANTARA,6,169 km,2 hours 28 mins
"RUSSAS, CE",HOSPITAL E CASA DE SAUDE DE RUSSAS,2,1.0 km,3 mins
"RUSSAS, CE",HOSPITAL E MATERNIDADE DIVINA PROVIDENCIA DE RUSSAS,1,1.1 km,3 mins
"RUSSAS, CE",HM HOSPITAL DE MESSEJANA DR CARLOS ALBERTO STUDART GOMES,1,157 km,2 hours 23 mins
"RUSSAS, CE",HGCC HOSPITAL GERAL DR CESAR CALS,1,168 km,2 hours 43 mins
"RUSSAS, CE",HGF HOSPITAL GERAL DE FORTALEZA,2,168 km,2 hours 40 mins
"RUSSAS, CE",HOSPITAL HAROLDO JUACABA,1,169 km,2 hours 44 mins
"RUSSAS, CE",HOSPITAL SAO RAIMUNDO,1,167 km,2 hours 43 mins
"RUSSAS, CE",HOSPITAL ESTADUAL LEONARDO DA VINCI,1,167 km,2 hours 39 mins
"SAO GONCALO DO AMARANTE, CE",HM HOSPITAL DE MESSEJANA DR CARLOS ALBERTO STUDART GOMES,2,74.2 km,1 hour 11 mins
"SAO GONCALO DO AMARANTE, CE",HGCC HOSPITAL GERAL DR CESAR CALS,1,64.0 km,1 hour 6 mins
"SAO GONCALO DO AMARANTE, CE",HGF HOSPITAL GERAL DE FORTALEZA,1,71.2 km,1 hour 24 mins
"SAO GONCALO DO AMARANTE, CE",HOSPITAL HAROLDO JUACABA,1,61.2 km,1 hour 2 mins
"SAO GONCALO DO AMARANTE, CE",HOSPITAL UNIVERSITARIO WALTER CANTIDIO,2,61.6 km,1 hour 1 min
"SAO GONCALO DO AMARANTE, CE",HOSPITAL DISTRITAL DR FERNANDES TAVORA,1,60.0 km,57 mins
"SAO GONCALO DO AMARANTE, CE",HOSPITAL GERAL DR WALDEMAR ALCANTARA,3,76.4 km,1 hour 15 mins
"SENADOR POMPEU, CE",HM HOSPITAL DE MESSEJANA DR CARLOS ALBERTO STUDART GOMES,2,256 km,3 hours 34 mins
"SENADOR POMPEU, CE",MATERNIDADE E HOSPITAL SANTA ISABEL,1,0.9 km,2 mins
"SENADOR POMPEU, CE",HOSPITAL GERAL DR WALDEMAR ALCANTARA,1,259 km,3 hours 39 mins
"SOBRAL, CE",HM HOSPITAL DE MESSEJANA DR CARLOS ALBERTO STUDART GOMES,1,249 km,3 hours 30 mins
"SOBRAL, CE",SANTA CASA DE MISERICORDIA DE SOBRAL,1,1.4 km,4 mins
"SOBRAL, CE",HOSPITAL HAROLDO JUACABA,1,241 km,3 hours 17 mins
"SOBRAL, CE",HOSPITAL E MATERNIDADE FRANCISCO RAIMUNDO MARCOS,1,272 km,4 hours 7 mins
"UBAJARA, CE",HM HOSPITAL DE MESSEJANA DR CARLOS ALBERTO STUDART GOMES,2,328 km,4 hours 42 mins
"UBAJARA, CE",SANTA CASA DE MISERICORDIA DE SOBRAL,1,80.8 km,1 hour 22 mins
"UBAJARA, CE",HOSPITAL MATERNIDADE MADALENA NUNES,1,17.5 km,21 mins
"ARATUBA, CE",HOSP MATERN SANTA IZABEL ARACOIABA,1,37.7 km,44 mins
"ARATUBA, CE",HM HOSPITAL DE MESSEJANA DR CARLOS ALBERTO STUDART GOMES,2,123 km,2 hours 6 mins
"BATURITE, CE",HM HOSPITAL DE MESSEJANA DR CARLOS ALBERTO STUDART GOMES,1,96.3 km,1 hour 38 mins
"BATURITE, CE",HGCC HOSPITAL GERAL DR CESAR CALS,1,94.6 km,1 hour 52 mins
"BATURITE, CE",HOSPITAL BATISTA MEMORIAL,1,99.5 km,1 hour 52 mins
"BATURITE, CE",HOSPITAL E MATERNIDADE JOSE PINTO DO CARMO,1,0.6 km,2 mins
"BATURITE, CE",HOSPITAL HAROLDO JUACABA,1,92.5 km,1 hour 47 mins
"CASCAVEL, CE",HM HOSPITAL DE MESSEJANA DR CARLOS ALBERTO STUDART GOMES,1,54.9 km,54 mins
"CASCAVEL, CE",CRIO CENTRO REGIONAL INTEGRADO DE ONCOLOGIA,2,67.6 km,1 hour 25 mins
"CASCAVEL, CE",HGF HOSPITAL GERAL DE FORTALEZA,1,57.5 km,1 hour 6 mins
"CASCAVEL, CE",HGCC HOSPITAL GERAL DR CESAR CALS,1,62.5 km,1 hour 14 mins
"CASCAVEL, CE",HOSPITAL HAROLDO JUACABA,1,63.7 km,1 hour 15 mins
"CRATEUS, CE",SANTA CASA DE MISERICORDIA DE SOBRAL,1,217 km,2 hours 51 mins
"CRATEUS, CE",HM HOSPITAL DE MESSEJANA DR CARLOS ALBERTO STUDART GOMES,2,363 km,4 hours 44 mins
"CRATEUS, CE",CRIO CENTRO REGIONAL INTEGRADO DE ONCOLOGIA,1,348 km,4 hours 37 mins
"CRATEUS, CE",HOSPITAL SAO LUCAS,1,"3,966 km",2 days 2 hours
"CRATEUS, CE",HOSPITAL HAROLDO JUACABA,1,348 km,4 hours 37 mins
"EUSEBIO, CE",HM HOSPITAL DE MESSEJANA DR CARLOS ALBERTO STUDART GOMES,1,16.9 km,19 mins
"EUSEBIO, CE",HGCC HOSPITAL GERAL DR CESAR CALS,1,24.5 km,40 mins
"EUSEBIO, CE",HOSPITAL HAROLDO JUACABA,2,25.7 km,41 mins
"EUSEBIO, CE",HGF HOSPITAL GERAL DE FORTALEZA,1,19.5 km,31 mins
"ICAPUI, CE",HM HOSPITAL DE MESSEJANA DR CARLOS ALBERTO STUDART GOMES,1,195 km,2 hours 40 mins
"ICAPUI, CE",HGCC HOSPITAL GERAL DR CESAR CALS,1,203 km,3 hours 1 min
"ITAITINGA, CE",HM HOSPITAL DE MESSEJANA DR CARLOS ALBERTO STUDART GOMES,1,21.5 km,25 mins
"ITAITINGA, CE",HOSPITAL E MATERNIDADE ESTER CAVALCANTE ASSUNCAO,1,1.3 km,5 mins
"ITAITINGA, CE",HGF HOSPITAL GERAL DE FORTALEZA,1,33.3 km,42 mins
"ITAITINGA, CE",HOSPITAL HAROLDO JUACABA,1,34.1 km,46 mins
"ITAITINGA, CE",SANTA CASA DE MISERICORDIA DE FORTALEZA,1,33.9 km,46 mins
"LIMOEIRO DO NORTE, CE",HM HOSPITAL DE MESSEJANA DR CARLOS ALBERTO STUDART GOMES,1,192 km,2 hours 43 mins
"LIMOEIRO DO NORTE, CE",HOSPITAL SAO RAIMUNDO,1,203 km,3 hours 3 mins
"LIMOEIRO DO NORTE, CE",HOSPITAL HAROLDO JUACABA,1,204 km,3 hours 5 mins
"MARANGUAPE, CE",HM HOSPITAL DE MESSEJANA DR CARLOS ALBERTO STUDART GOMES,1,31.7 km,36 mins
"MARANGUAPE, CE",HGF HOSPITAL GERAL DE FORTALEZA,1,33.8 km,55 mins
"MARANGUAPE, CE",HGCC HOSPITAL GERAL DR CESAR CALS,1,25.5 km,46 mins
"MARANGUAPE, CE",HOSPITAL HAROLDO JUACABA,1,23.1 km,42 mins
"MARANGUAPE, CE",HOSPITAL MUNICIPAL DR JOAO ELISIO DE HOLANDA,1,10.9 km,19 mins
"MARANGUAPE, CE",HOSPITAL DISTRITAL MARIA JOSE BARROSO DE OLIVEIRA PARANGABA,1,18.0 km,28 mins
"MAURITI, CE",HM HOSPITAL DE MESSEJANA DR CARLOS ALBERTO STUDART GOMES,1,480 km,6 hours 35 mins
"MAURITI, CE",HOSPITAL MUNICIPAL E MATERNIDADE SAO JOSE,1,"2,854 km",1 day 16 hours
"MAURITI, CE",HOSPITAL MATERNIDADE SAO VICENTE DE PAULO HMSVP,1,72.3 km,1 hour 18 mins
"MAURITI, CE",HOSPITAL DO CORACAO DO CARIRI,1,73.2 km,1 hour 19 mins
"MORADA NOVA, CE",HGCC HOSPITAL GERAL DR CESAR CALS,1,168 km,2 hours 33 mins
"MORADA NOVA, CE",HM HOSPITAL DE MESSEJANA DR CARLOS ALBERTO STUDART GOMES,1,156 km,2 hours 13 mins
"MORADA NOVA, CE",HOSPITAL E CASA DE SAUDE DE RUSSAS,1,56.1 km,51 mins
"MORADA NOVA, CE",SANTA CASA DE MORADA NOVA,3,0.6 km,3 mins
"MORADA NOVA, CE",HOSPITAL HAROLDO JUACABA,1,169 km,2 hours 34 mins
"MORADA NOVA, CE",HGF HOSPITAL GERAL DE FORTALEZA,1,168 km,2 hours 30 mins
"MORADA NOVA, CE",HOSPITAL DISTRITAL DR FERNANDES TAVORA,1,173 km,2 hours 44 mins
"MORADA NOVA, CE",HOSPITAL REGIONAL FRANCISCO GALVAO DE OLIVEIRA,1,1.7 km,4 mins
"MORADA NOVA, CE",HOSPITAL UNIVERSITARIO WALTER CANTIDIO,1,168 km,2 hours 31 mins
"OROS, CE",CRIO CENTRO REGIONAL INTEGRADO DE ONCOLOGIA,1,347 km,4 hours 57 mins
"OROS, CE",HM HOSPITAL DE MESSEJANA DR CARLOS ALBERTO STUDART GOMES,2,330 km,4 hours 26 mins
"OROS, CE",HOSPITAL UNIVERSITARIO WALTER CANTIDIO,1,342 km,4 hours 44 mins
"SANTA QUITERIA, CE",SANTA CASA DE MISERICORDIA DE SOBRAL,1,89.2 km,1 hour 10 mins
"SANTA QUITERIA, CE",HOSP PUBLICO MUNICIPAL S QUITERIA,1,0.5 km,2 mins
"SANTA QUITERIA, CE",CRIO CENTRO REGIONAL INTEGRADO DE ONCOLOGIA,1,220 km,2 hours 56 mins
"SANTA QUITERIA, CE",HM HOSPITAL DE MESSEJANA DR CARLOS ALBERTO STUDART GOMES,2,236 km,3 hours 3 mins
"VICOSA DO CEARA, CE",HM HOSPITAL DE MESSEJANA DR CARLOS ALBERTO STUDART GOMES,1,365 km,5 hours 8 mins
"VICOSA DO CEARA, CE",HOSPITAL UNIVERSITARIO WALTER CANTIDIO,1,358 km,4 hours 54 mins
"VICOSA DO CEARA, CE",HOSPITAL HAROLDO JUACABA,1,358 km,4 hours 54 mins
"VICOSA DO CEARA, CE",SANTA CASA DE MISERICORDIA DE SOBRAL,1,118 km,1 hour 47 mins
"ARACATI, CE",HM HOSPITAL DE MESSEJANA DR CARLOS ALBERTO STUDART GOMES,1,142 km,1 hour 57 mins
"ARACATI, CE",HGCC HOSPITAL GERAL DR CESAR CALS,1,150 km,2 hours 17 mins
"ARACATI, CE",CRIO CENTRO REGIONAL INTEGRADO DE ONCOLOGIA,1,155 km,2 hours 28 mins
"ARACATI, CE",HOSPITAL HAROLDO JUACABA,1,151 km,2 hours 18 mins
"ARACATI, CE",HGF HOSPITAL GERAL DE FORTALEZA,1,145 km,2 hours 9 mins
"BARBALHA, CE",HOSPITAL MATERNIDADE SAO VICENTE DE PAULO HMSVP,3,0.5 km,3 mins
"BARBALHA, CE",HM HOSPITAL DE MESSEJANA DR CARLOS ALBERTO STUDART GOMES,1,496 km,7 hours 13 mins
"BOA VIAGEM, CE",CASA DE SAUDE ADILIA MARIA,1,0.2 km,1 min
"BOA VIAGEM, CE",HOSPITAL HAROLDO JUACABA,2,218 km,3 hours 1 min
"BOA VIAGEM, CE",HM HOSPITAL DE MESSEJANA DR CARLOS ALBERTO STUDART GOMES,1,233 km,3 hours 7 mins
"BOA VIAGEM, CE",HOSPITAL UNIVERSITARIO WALTER CANTIDIO,1,218 km,3 hours 0 mins
"BOA VIAGEM, CE",HGCC HOSPITAL GERAL DR CESAR CALS,1,219 km,3 hours 6 mins
"BREJO SANTO, CE",IMTAVI,1,0.7 km,2 mins
"BREJO SANTO, CE",HOSPITAL MATERNIDADE SAO VICENTE DE PAULO HMSVP,1,61.9 km,1 hour 3 mins
"BREJO SANTO, CE",HM HOSPITAL DE MESSEJANA DR CARLOS ALBERTO STUDART GOMES,1,488 km,6 hours 44 mins
"CRATO, CE",HOSPITAL MATERNIDADE SAO VICENTE DE PAULO HMSVP,1,20.1 km,31 mins
"CRATO, CE",HOSPITAL REGIONAL DO CARIRI,1,10.6 km,19 mins
"CRATO, CE",HM HOSPITAL DE MESSEJANA DR CARLOS ALBERTO STUDART GOMES,1,497 km,7 hours 4 mins
"CRATO, CE",HOSPITAL UNIVERSITARIO WALTER CANTIDIO,1,509 km,7 hours 22 mins
"CRATO, CE",HOSPITAL E MATERNIDADE SAO FRANCISCO DE ASSIS,1,1.0 km,5 mins
"ITAPIUNA, CE",HM HOSPITAL DE MESSEJANA DR CARLOS ALBERTO STUDART GOMES,2,111 km,1 hour 46 mins
"ITAPIUNA, CE",HOSPITAL MATERNIDADE PROFESSOR WALDEMAR ALCANTARA,1,114 km,1 hour 49 mins
"JAGUARIBE, CE",HM HOSPITAL DE MESSEJANA DR CARLOS ALBERTO STUDART GOMES,3,282 km,3 hours 50 mins
"JAGUARIBE, CE",HOSPITAL UNIVERSITARIO WALTER CANTIDIO,1,294 km,4 hours 9 mins
"JAGUARIBE, CE",HOSPITAL HAROLDO JUACABA,1,295 km,4 hours 12 mins
"JAGUARIBE, CE",HOSPITAL SAO RAIMUNDO,1,293 km,4 hours 10 mins
"JAGUARIBE, CE",HGCC HOSPITAL GERAL DR CESAR CALS,1,294 km,4 hours 11 mins
"JAGUARIBE, CE",HGF HOSPITAL GERAL DE FORTALEZA,2,294 km,4 hours 8 mins
"MARCO, CE",HM HOSPITAL DE MESSEJANA DR CARLOS ALBERTO STUDART GOMES,1,235 km,3 hours 27 mins
"MARCO, CE",HOSPITAL MUNICIPAL JAIME OSTERNO,1,0.9 km,4 mins
"MARCO, CE",SANTA CASA DE MISERICORDIA DE SOBRAL,1,92.1 km,1 hour 20 mins
"MONSENHOR TABOSA, CE",SANTA CASA DE MISERICORDIA DE SOBRAL,1,172 km,2 hours 16 mins
"MONSENHOR TABOSA, CE",HM HOSPITAL DE MESSEJANA DR CARLOS ALBERTO STUDART GOMES,1,296 km,4 hours 3 mins
"MONSENHOR TABOSA, CE",HOSPITAL HAROLDO JUACABA,1,280 km,3 hours 56 mins
"NOVA RUSSAS, CE",HOSPITAL MUNICIPAL JOSE GONCALVES ROSA,1,0.9 km,3 mins
"NOVA RUSSAS, CE",CRIO CENTRO REGIONAL INTEGRADO DE ONCOLOGIA,1,300 km,4 hours 7 mins
"NOVA RUSSAS, CE",HM HOSPITAL DE MESSEJANA DR CARLOS ALBERTO STUDART GOMES,1,316 km,4 hours 14 mins
"NOVA RUSSAS, CE",SANTA CASA DE MISERICORDIA DE SOBRAL,1,170 km,2 hours 20 mins
"NOVA RUSSAS, CE",HOSPITAL HAROLDO JUACABA,1,301 km,4 hours 7 mins
"PACAJUS, CE",HM HOSPITAL DE MESSEJANA DR CARLOS ALBERTO STUDART GOMES,2,42.3 km,42 mins
"PACAJUS, CE",HGCC HOSPITAL GERAL DR CESAR CALS,1,53.7 km,1 hour 3 mins
"PACAJUS, CE",HOSPITAL JOSE MARIA PHILOMENO GOMES,1,0.6 km,2 mins
"PACAJUS, CE",HGF HOSPITAL GERAL DE FORTALEZA,1,54.1 km,1 hour 0 mins
"PACAJUS, CE",HOSPITAL UNIVERSITARIO WALTER CANTIDIO,1,54.3 km,1 hour 1 min
"PACATUBA, CE",HM HOSPITAL DE MESSEJANA DR CARLOS ALBERTO STUDART GOMES,4,26.0 km,30 mins
"PACATUBA, CE",HOSPITAL MUNICIPAL DR JOAO ELISIO DE HOLANDA,1,9.3 km,14 mins
"PACATUBA, CE",HOSPITAL RAIMUNDO CELIO RODRIGUES,1,8.0 km,11 mins
"PACATUBA, CE",HGF HOSPITAL GERAL DE FORTALEZA,1,30.5 km,48 mins
"PACATUBA, CE",HOSPITAL UNIVERSITARIO WALTER CANTIDIO,1,21.2 km,38 mins
"PACATUBA, CE",HOSPITAL HAROLDO JUACABA,1,22.1 km,41 mins
"PACATUBA, CE",HIAS HOSPITAL INFANTIL ALBERT SABIN,1,21.6 km,39 mins
"QUIXADA, CE",HOSPITAL MUNICIPAL DR EUDASIO BARROSO HMEB,1,0.5 km,2 mins
"QUIXADA, CE",HM HOSPITAL DE MESSEJANA DR CARLOS ALBERTO STUDART GOMES,1,158 km,2 hours 10 mins
"QUIXADA, CE",HOSPITAL HAROLDO JUACABA,1,171 km,2 hours 31 mins
"QUIXADA, CE",HGF HOSPITAL GERAL DE FORTALEZA,1,170 km,2 hours 27 mins
"QUIXADA, CE",HOSPITAL UNIVERSITARIO WALTER CANTIDIO,1,170 km,2 hours 28 mins
"QUIXADA, CE",HGCC HOSPITAL GERAL DR CESAR CALS,1,170 km,2 hours 30 mins
"SOLONOPOLE, CE",HM HOSPITAL DE MESSEJANA DR CARLOS ALBERTO STUDART GOMES,1,265 km,3 hours 29 mins
"SOLONOPOLE, CE",HGF HOSPITAL GERAL DE FORTALEZA,1,277 km,3 hours 47 mins
"TAUA, CE",HM HOSPITAL DE MESSEJANA DR CARLOS ALBERTO STUDART GOMES,1,356 km,4 hours 42 mins
"TAUA, CE",HOSPITAL HAROLDO JUACABA,1,340 km,4 hours 36 mins
"TAUA, CE",HOSPITAL DR ALBERTO FEITOSA LIMA,1,0.7 km,2 mins
"TAUA, CE",HGF HOSPITAL GERAL DE FORTALEZA,1,354 km,4 hours 59 mins
"TAUA, CE",HOSPITAL UNIVERSITARIO WALTER CANTIDIO,1,340 km,4 hours 35 mins
"VARJOTA, CE",SANTA CASA DE MISERICORDIA DE SOBRAL,1,68.3 km,1 hour 2 mins
"VARJOTA, CE",UNIDADE OBSTETRICA DE VARJOTA,1,1 m,1 min
"CARIDADE, CE",HGCC HOSPITAL GERAL DR CESAR CALS,3,92.2 km,1 hour 40 mins
"CARIDADE, CE",HM HOSPITAL DE MESSEJANA DR CARLOS ALBERTO STUDART GOMES,1,106 km,1 hour 41 mins
"CARIDADE, CE",HOSPITAL DE PEQUENO PORTE DE CARIDADE,1,12.8 km,29 mins
"MERUOCA, CE",SANTA CASA DE MISERICORDIA DE SOBRAL,1,28.7 km,37 mins
"MERUOCA, CE",HOSPITAL CHAGAS BARRETO,1,0.5 km,1 min
"MERUOCA, CE",HM HOSPITAL DE MESSEJANA DR CARLOS ALBERTO STUDART GOMES,2,270 km,3 hours 51 mins
"PENTECOSTE, CE",HM HOSPITAL DE MESSEJANA DR CARLOS ALBERTO STUDART GOMES,2,104 km,1 hour 35 mins
"PENTECOSTE, CE",HOSPITAL GERAL DR WALDEMAR ALCANTARA,1,107 km,1 hour 39 mins
"PENTECOSTE, CE",HOSPITAL HAROLDO JUACABA,1,89.1 km,1 hour 29 mins
"TABULEIRO DO NORTE, CE",HM HOSPITAL DE MESSEJANA DR CARLOS ALBERTO STUDART GOMES,1,200 km,2 hours 51 mins
"TABULEIRO DO NORTE, CE",HOSPITAL SAO RAIMUNDO,1,211 km,3 hours 11 mins
"TABULEIRO DO NORTE, CE",HGF HOSPITAL GERAL DE FORTALEZA,1,212 km,3 hours 9 mins
"TABULEIRO DO NORTE, CE",HOSPITAL DISTRITAL DR FERNANDES TAVORA,1,216 km,3 hours 23 mins
"AIUABA, CE",HOSPITAL UNIVERSITARIO WALTER CANTIDIO,1,415 km,5 hours 35 mins
"AIUABA, CE",HOSPITAL DR ALBERTO FEITOSA LIMA,1,78.5 km,1 hour 8 mins
"AIUABA, CE",HM HOSPITAL DE MESSEJANA DR CARLOS ALBERTO STUDART GOMES,1,431 km,5 hours 42 mins
"AIUABA, CE",HOSPITAL HAROLDO JUACABA,1,415 km,5 hours 35 mins
"AIUABA, CE",HOSP NOSSA SRA DO PATROCINIO,1,1.5 km,4 mins
"CEDRO, CE",HM HOSPITAL DE MESSEJANA DR CARLOS ALBERTO STUDART GOMES,1,384 km,5 hours 15 mins
"CEDRO, CE",HOSPITAL E MATERNIDADE ZULMIRA SEDRIN AGUIAR,1,0.6 km,2 mins
"CHOROZINHO, CE",HGCC HOSPITAL GERAL DR CESAR CALS,1,69.8 km,1 hour 14 mins
"CHOROZINHO, CE",HM HOSPITAL DE MESSEJANA DR CARLOS ALBERTO STUDART GOMES,1,58.4 km,54 mins
"CHOROZINHO, CE",HOSPITAL MUNICIPAL DE CHOROZINHO,1,1 m,1 min
"CHOROZINHO, CE",HGF HOSPITAL GERAL DE FORTALEZA,1,70.3 km,1 hour 11 mins
"GRANJA, CE",HM HOSPITAL DE MESSEJANA DR CARLOS ALBERTO STUDART GOMES,1,340 km,4 hours 30 mins
"GRANJA, CE",SANTA CASA DE MISERICORDIA DE SOBRAL,1,99.6 km,1 hour 32 mins
"GRANJA, CE",HOSPITAL DEPUTADO MURILO AGUIAR,1,26.0 km,25 mins
"GUAIUBA, CE",CRIO CENTRO REGIONAL INTEGRADO DE ONCOLOGIA,1,45.7 km,1 hour 4 mins
"GUAIUBA, CE",HM HOSPITAL DE MESSEJANA DR CARLOS ALBERTO STUDART GOMES,1,45.5 km,50 mins
"GUAIUBA, CE",HGF HOSPITAL GERAL DE FORTALEZA,1,50.2 km,1 hour 8 mins
"ITATIRA, CE",HM HOSPITAL DE MESSEJANA DR CARLOS ALBERTO STUDART GOMES,2,227 km,3 hours 12 mins
"ITATIRA, CE",HOSPITAL MUNICIPAL DR JOAO ELISIO DE HOLANDA,1,213 km,3 hours 3 mins
"ITATIRA, CE",HGCC HOSPITAL GERAL DR CESAR CALS,1,213 km,3 hours 10 mins
"TAMBORIL, CE",HGCC HOSPITAL GERAL DR CESAR CALS,1,286 km,3 hours 50 mins
"TAMBORIL, CE",HOSPITAL MUNICIPAL RAIMUNDA TIMBO CAMELO TAMBORIL,1,0.7 km,1 min
"TAMBORIL, CE",HM HOSPITAL DE MESSEJANA DR CARLOS ALBERTO STUDART GOMES,1,300 km,3 hours 51 mins
"TAMBORIL, CE",HOSPITAL HAROLDO JUACABA,2,284 km,3 hours 44 mins
"URUBURETAMA, CE",IJF INSTITUTO DR JOSE FROTA CENTRAL,1,116 km,1 hour 58 mins
"URUBURETAMA, CE",HOSPITAL MATERNIDADE SAO VICENTE DE PAULO,1,602 km,8 hours 35 mins
"URUBURETAMA, CE",HM HOSPITAL DE MESSEJANA DR CARLOS ALBERTO STUDART GOMES,1,129 km,1 hour 57 mins
"URUBURETAMA, CE",HOSPITAL GERAL DR WALDEMAR ALCANTARA,2,132 km,2 hours 2 mins
"URUBURETAMA, CE",HGCC HOSPITAL GERAL DR CESAR CALS,1,116 km,1 hour 56 mins
"BARREIRA, CE",HM HOSPITAL DE MESSEJANA DR CARLOS ALBERTO STUDART GOMES,2,74.7 km,1 hour 10 mins
"BARREIRA, CE",HOSPITAL HAROLDO JUACABA,1,72.9 km,1 hour 26 mins
"BARREIRA, CE",HGCC HOSPITAL GERAL DR CESAR CALS,1,86.1 km,1 hour 31 mins
"BEBERIBE, CE",HM HOSPITAL DE MESSEJANA DR CARLOS ALBERTO STUDART GOMES,2,75.8 km,1 hour 8 mins
"BEBERIBE, CE",HOSPITAL UNIVERSITARIO WALTER CANTIDIO,1,84.0 km,1 hour 26 mins
"BEBERIBE, CE",HOSPITAL GERAL DR WALDEMAR ALCANTARA,1,67.7 km,1 hour 1 min
"BEBERIBE, CE",CRIO CENTRO REGIONAL INTEGRADO DE ONCOLOGIA,1,88.5 km,1 hour 39 mins
"BEBERIBE, CE",HGF HOSPITAL GERAL DE FORTALEZA,1,78.4 km,1 hour 19 mins
"CROATA, CE",HM HOSPITAL DE MESSEJANA DR CARLOS ALBERTO STUDART GOMES,1,351 km,4 hours 55 mins
"CROATA, CE",SANTA CASA DE MISERICORDIA DE FORTALEZA,1,338 km,4 hours 58 mins
"ITAREMA, CE",SANTA CASA DE MISERICORDIA DE SOBRAL,1,138 km,1 hour 52 mins
"ITAREMA, CE",HGF HOSPITAL GERAL DE FORTALEZA,1,219 km,3 hours 8 mins
"ITAREMA, CE",HM HOSPITAL DE MESSEJANA DR CARLOS ALBERTO STUDART GOMES,2,223 km,2 hours 58 mins
"ITAREMA, CE",HOSP MUNICIPAL NATERCIA JUNIOR RIOS,1,0.7 km,2 mins
"QUIXERAMOBIM, CE",HM HOSPITAL DE MESSEJANA DR CARLOS ALBERTO STUDART GOMES,1,202 km,2 hours 45 mins
"QUIXERAMOBIM, CE",HOSPITAL GERAL DR WALDEMAR ALCANTARA,4,205 km,2 hours 50 mins
"QUIXERAMOBIM, CE",HOSPITAL HAROLDO JUACABA,1,245 km,3 hours 25 mins
"QUIXERAMOBIM, CE",HOSPITAL REGIONAL DR PONTES NETO,3,2.0 km,7 mins
"SAO BENEDITO, CE",HOSPITAL MATERNIDADE MADALENA NUNES,1,43.1 km,47 mins
"SAO BENEDITO, CE",SANTA CASA DE MISERICORDIA DE SOBRAL,1,89.6 km,1 hour 31 mins
"SAO BENEDITO, CE",CRIO CENTRO REGIONAL INTEGRADO DE ONCOLOGIA,1,328 km,4 hours 33 mins
"SAO BENEDITO, CE",HM HOSPITAL DE MESSEJANA DR CARLOS ALBERTO STUDART GOMES,2,340 km,4 hours 45 mins
"CAMOCIM, CE",HOSPITAL DEPUTADO MURILO AGUIAR,1,11 m,1 min
"CAMOCIM, CE",HM HOSPITAL DE MESSEJANA DR CARLOS ALBERTO STUDART GOMES,1,366 km,4 hours 54 mins
"CAMOCIM, CE",HOSPITAL HAROLDO JUACABA,1,352 km,4 hours 42 mins
"CAMOCIM, CE",SANTA CASA DE MISERICORDIA DE SOBRAL,1,126 km,1 hour 55 mins
"PARACURU, CE",HGCC HOSPITAL GERAL DR CESAR CALS,1,91.9 km,1 hour 31 mins
"PARACURU, CE",HM HOSPITAL DE MESSEJANA DR CARLOS ALBERTO STUDART GOMES,2,103 km,1 hour 38 mins
"PARACURU, CE",HOSPITAL UNIVERSITARIO WALTER CANTIDIO,1,89.4 km,1 hour 26 mins
"PARACURU, CE",HOSPITAL HAROLDO JUACABA,1,89.0 km,1 hour 26 mins
"PENAFORTE, CE",HM HOSPITAL DE MESSEJANA DR CARLOS ALBERTO STUDART GOMES,1,532 km,7 hours 23 mins
"PENAFORTE, CE",HOSPITAL MATERNIDADE SAO VICENTE DE PAULO HMSVP,1,79.9 km,1 hour 18 mins
"REDENCAO, CE",HOSP MATERN PAULO SARASATE,1,76.0 km,1 hour 23 mins
"REDENCAO, CE",HOSPITAL UNIVERSITARIO WALTER CANTIDIO,1,61.9 km,1 hour 15 mins
"REDENCAO, CE",HGF HOSPITAL GERAL DE FORTALEZA,1,71.2 km,1 hour 26 mins
"REDENCAO, CE",HOSPITAL HAROLDO JUACABA,1,62.8 km,1 hour 18 mins
"REDENCAO, CE",HM HOSPITAL DE MESSEJANA DR CARLOS ALBERTO STUDART GOMES,2,66.5 km,1 hour 8 mins
"SAO PAULO, SP",HM HOSPITAL DE MESSEJANA DR CARLOS ALBERTO STUDART GOMES,1,"3,102 km",1 day 16 hours
"ALTO SANTO, CE",HM HOSPITAL DE MESSEJANA DR CARLOS ALBERTO STUDART GOMES,1,236 km,3 hours 15 mins
"ALTO SANTO, CE",HOSPITAL SAO RAIMUNDO,1,246 km,3 hours 35 mins
"ARNEIROZ, CE",HGF HOSPITAL GERAL DE FORTALEZA,1,396 km,5 hours 32 mins
"ARNEIROZ, CE",HOSPITAL DR ALBERTO FEITOSA LIMA,1,45.7 km,42 mins
"CARIRIACU, CE",HOSPITAL HAROLDO JUACABA,1,468 km,6 hours 43 mins
"CARIRIACU, CE",HM HOSPITAL DE MESSEJANA DR CARLOS ALBERTO STUDART GOMES,1,455 km,6 hours 22 mins
"CARIRIACU, CE",HGCC HOSPITAL GERAL DR CESAR CALS,1,467 km,6 hours 43 mins
"CARIRIACU, CE",HOSPITAL MATERNIDADE SAO VICENTE DE PAULO HMSVP,1,39.1 km,54 mins
"CARIRIACU, CE",HOSPITAL REGIONAL DO CARIRI,1,28.9 km,40 mins
"CARIRIACU, CE",HOSPITAL DO CORACAO DO CARIRI,1,39.9 km,55 mins
"IBIAPINA, CE",HOSPITAL MATERNIDADE MADALENA NUNES,1,25.9 km,30 mins
"IBIAPINA, CE",SANTA CASA DE MISERICORDIA DE SOBRAL,1,72.7 km,1 hour 12 mins
"IBIAPINA, CE",HOSPITAL MUNICIPAL MARIA WANDERLENE NEGREIROS DE QUEIROZ,1,0.4 km,1 min
"RERIUTABA, CE",HGCC HOSPITAL GERAL DR CESAR CALS,1,276 km,3 hours 47 mins
"RERIUTABA, CE",SANTA CASA DE MISERICORDIA DE SOBRAL,1,69.0 km,1 hour 5 mins
"RERIUTABA, CE",HM HOSPITAL DE MESSEJANA DR CARLOS ALBERTO STUDART GOMES,1,289 km,3 hours 48 mins
"VARZEA ALEGRE, CE",HGCC HOSPITAL GERAL DR CESAR CALS,1,437 km,6 hours 12 mins
"VARZEA ALEGRE, CE",HM HOSPITAL DE MESSEJANA DR CARLOS ALBERTO STUDART GOMES,2,425 km,5 hours 52 mins
"VARZEA ALEGRE, CE",HOSPITAL HAROLDO JUACABA,1,438 km,6 hours 13 mins
"VARZEA ALEGRE, CE",HGF HOSPITAL GERAL DE FORTALEZA,1,437 km,6 hours 9 mins
"VARZEA ALEGRE, CE",HOSPITAL SAO RAIMUNDO,1,436 km,6 hours 11 mins
"VARZEA ALEGRE, CE",HOSPITAL MATERNIDADE SAO VICENTE DE PAULO HMSVP,1,100 km,1 hour 43 mins
"VARZEA ALEGRE, CE",HOSPITAL DO CORACAO DO CARIRI,1,101 km,1 hour 44 mins
"AMONTADA, CE",HM HOSPITAL DE MESSEJANA DR CARLOS ALBERTO STUDART GOMES,2,181 km,2 hours 42 mins
"CARIRE, CE",HOSPITAL MUNICIPAL DE CARIRE,1,0.3 km,1 min
"CARIRE, CE",HM HOSPITAL DE MESSEJANA DR CARLOS ALBERTO STUDART GOMES,1,282 km,3 hours 54 mins
"CARIRE, CE",HGCC HOSPITAL GERAL DR CESAR CALS,1,278 km,3 hours 45 mins
"CARIRE, CE",HOSPITAL HAROLDO JUACABA,1,275 km,3 hours 41 mins
"JARDIM, CE",HM HOSPITAL DE MESSEJANA DR CARLOS ALBERTO STUDART GOMES,1,533 km,7 hours 47 mins
"JARDIM, CE",HOSPITAL MATERNIDADE SAO VICENTE DE PAULO HMSVP,1,36.8 km,34 mins
"JARDIM, CE",HOSPITAL MUNICIPAL DE JARDIM,1,12.4 km,21 mins
"JARDIM, CE",HOSPITAL DO CORACAO DO CARIRI,1,35.8 km,32 mins
"JIJOCA DE JERICOACOARA, CE",HM HOSPITAL DE MESSEJANA DR CARLOS ALBERTO STUDART GOMES,1,309 km,4 hours 39 mins
"JIJOCA DE JERICOACOARA, CE",SANTA CASA DE MISERICORDIA DE SOBRAL,1,164 km,2 hours 43 mins
"CARIUS, CE",HOSPITAL BATISTA MEMORIAL,1,401 km,5 hours 41 mins
"GUARACIABA DO NORTE, CE",HM HOSPITAL DE MESSEJANA DR CARLOS ALBERTO STUDART GOMES,1,314 km,4 hours 17 mins
"GUARACIABA DO NORTE, CE",SANTA CASA DE MISERICORDIA DE SOBRAL,1,93.3 km,1 hour 31 mins
"ICO, CE",HM HOSPITAL DE MESSEJANA DR CARLOS ALBERTO STUDART GOMES,2,349 km,4 hours 45 mins
"ICO, CE",HOSPITAL REGIONAL DE ICO DEPUTADO ORIEL GUIMARAES NUNES,2,1 m,1 min
"ICO, CE",HGCC HOSPITAL GERAL DR CESAR CALS,1,360 km,5 hours 6 mins
"ICO, CE",HOSPITAL HAROLDO JUACABA,1,361 km,5 hours 6 mins
"ICO, CE",CRIO CENTRO REGIONAL INTEGRADO DE ONCOLOGIA,1,365 km,5 hours 16 mins
"ICO, CE",HOSPITAL REGIONAL DO CARIRI,1,152 km,2 hours 29 mins
"ICO, CE",HOSPITAL MATERNIDADE SAO VICENTE DE PAULO HMSVP,1,170 km,2 hours 41 mins
"ICO, CE",HGF HOSPITAL GERAL DE FORTALEZA,1,361 km,5 hours 3 mins
"PINDORETAMA, CE",HM HOSPITAL DE MESSEJANA DR CARLOS ALBERTO STUDART GOMES,1,41.6 km,42 mins
"PINDORETAMA, CE",HOSPITAL HAROLDO JUACABA,1,50.5 km,1 hour 3 mins
"PORANGA, CE",HOSP MUNIC FRANC ANTONIO DE PINHO,1,0.4 km,1 min
"PORANGA, CE",HOSPITAL SAO LUCAS,1,"4,034 km",2 days 3 hours
"PORANGA, CE",HM HOSPITAL DE MESSEJANA DR CARLOS ALBERTO STUDART GOMES,1,361 km,5 hours 4 mins
"TRAIRI, CE",HM HOSPITAL DE MESSEJANA DR CARLOS ALBERTO STUDART GOMES,2,138 km,2 hours 3 mins
"TRAIRI, CE",CRIO CENTRO REGIONAL INTEGRADO DE ONCOLOGIA,2,123 km,1 hour 46 mins
"TRAIRI, CE",HOSPITAL MATERNIDADE SAO VICENTE DE PAULO,1,618 km,9 hours 4 mins
"TRAIRI, CE",HOSPITAL HAROLDO JUACABA,1,124 km,1 hour 51 mins
"ITAPAGE, CE",HM HOSPITAL DE MESSEJANA DR CARLOS ALBERTO STUDART GOMES,1,143 km,2 hours 6 mins
"ITAPAGE, CE",HOSPITAL HAROLDO JUACABA,1,127 km,1 hour 59 mins
"ABAIARA, CE",HOSPITAL MATERNIDADE SAO VICENTE DE PAULO HMSVP,1,41.6 km,43 mins
"ABAIARA, CE",HOSPITAL REGIONAL DO CARIRI,1,51.7 km,53 mins
"ACARAU, CE",HGF HOSPITAL GERAL DE FORTALEZA,1,246 km,3 hours 30 mins
"ACARAU, CE",HM HOSPITAL DE MESSEJANA DR CARLOS ALBERTO STUDART GOMES,2,250 km,3 hours 20 mins
"ACARAU, CE",CRIO CENTRO REGIONAL INTEGRADO DE ONCOLOGIA,1,235 km,3 hours 3 mins
"ACARAU, CE",SANTA CASA DE MISERICORDIA DE SOBRAL,1,111 km,1 hour 37 mins
"ACARAU, CE",HOSPITAL HAROLDO JUACABA,1,236 km,3 hours 8 mins
"ACARAU, CE",HOSPITAL UNIVERSITARIO WALTER CANTIDIO,1,236 km,3 hours 8 mins
"ACARAU, CE",HOSPITAL GERAL DR WALDEMAR ALCANTARA,1,252 km,3 hours 25 mins
"APUIARES, CE",HGF HOSPITAL GERAL DE FORTALEZA,1,130 km,2 hours 16 mins
"APUIARES, CE",HGCC HOSPITAL GERAL DR CESAR CALS,1,118 km,1 hour 58 mins
"APUIARES, CE",HM HOSPITAL DE MESSEJANA DR CARLOS ALBERTO STUDART GOMES,3,132 km,1 hour 59 mins
"JAGUARETAMA, CE",HM HOSPITAL DE MESSEJANA DR CARLOS ALBERTO STUDART GOMES,1,234 km,3 hours 10 mins
"JAGUARETAMA, CE",HOSPITAL E CASA DE SAUDE DE RUSSAS,1,131 km,1 hour 45 mins
"JUCAS, CE",HGCC HOSPITAL GERAL DR CESAR CALS,1,398 km,5 hours 42 mins
"JUCAS, CE",HOSPITAL HAROLDO JUACABA,1,400 km,5 hours 43 mins
"JUCAS, CE",HM HOSPITAL DE MESSEJANA DR CARLOS ALBERTO STUDART GOMES,2,387 km,5 hours 21 mins
"JUCAS, CE",HOSPITAL MUNICIPAL JOSE FACUNDO FILHO,1,1.5 km,4 mins
"MORAUJO, CE",SANTA CASA DE MISERICORDIA DE SOBRAL,1,61.7 km,54 mins
"MORAUJO, CE",HGCC HOSPITAL GERAL DR CESAR CALS,1,304 km,4 hours 6 mins
"MUCAMBO, CE",HOSPITAL MUNICIPAL SENADOR CARLOS JEREISSATI,1,365 km,4 hours 57 mins
"MUCAMBO, CE",SANTA CASA DE MISERICORDIA DE SOBRAL,1,52.6 km,45 mins
"BAIXIO, CE",CRIO CENTRO REGIONAL INTEGRADO DE ONCOLOGIA,1,419 km,6 hours 6 mins
"BAIXIO, CE",HM HOSPITAL DE MESSEJANA DR CARLOS ALBERTO STUDART GOMES,1,402 km,5 hours 34 mins
"BAIXIO, CE",HOSPITAL MATERNIDADE SAO VICENTE DE PAULO HMSVP,1,135 km,2 hours 17 mins
"BODOCO, PE",HM HOSPITAL DE MESSEJANA DR CARLOS ALBERTO STUDART GOMES,2,597 km,8 hours 25 mins
"COREAU, CE",SANTA CASA DE MISERICORDIA DE SOBRAL,1,51.1 km,45 mins
"COREAU, CE",HOSPITAL FERNANDO TELES CAMILO,1,0.4 km,1 min
"SALITRE, CE",HOSPITAL DE PEQUENO PORTE SAO FRANCISCO SALITRE,1,0.5 km,1 min
"SALITRE, CE",HOSPITAL MATERNIDADE SAO VICENTE DE PAULO HMSVP,2,161 km,2 hours 35 mins
"SANTANA DO ACARAU, CE",SANTA CASA DE MISERICORDIA DE SOBRAL,1,40.4 km,36 mins
"SANTANA DO ACARAU, CE",HOSPITAL SENADOR OZIRES PONTES,1,23.5 km,27 mins
"SANTANA DO ACARAU, CE",HOSPITAL HAROLDO JUACABA,1,242 km,3 hours 23 mins
"AURORA, CE",HM HOSPITAL DE MESSEJANA DR CARLOS ALBERTO STUDART GOMES,1,434 km,6 hours 1 min
"AURORA, CE",HOSPITAL MATERNIDADE SAO VICENTE DE PAULO HMSVP,1,81.9 km,1 hour 39 mins
"ITAICABA, CE",HM HOSPITAL DE MESSEJANA DR CARLOS ALBERTO STUDART GOMES,1,156 km,2 hours 11 mins
"OCARA, CE",HOSPITAL E MATERNIDADE FRANCISCO RAIMUNDO MARCOS,1,0.1 km,1 min
"OCARA, CE",HM HOSPITAL DE MESSEJANA DR CARLOS ALBERTO STUDART GOMES,1,91.3 km,1 hour 21 mins
"OCARA, CE",HGCC HOSPITAL GERAL DR CESAR CALS,1,103 km,1 hour 42 mins
"OCARA, CE",HOSPITAL HAROLDO JUACABA,1,104 km,1 hour 42 mins
"PEREIRO, CE",HM HOSPITAL DE MESSEJANA DR CARLOS ALBERTO STUDART GOMES,1,317 km,4 hours 22 mins
"ANTONINA DO NORTE, CE",HM HOSPITAL DE MESSEJANA DR CARLOS ALBERTO STUDART GOMES,1,468 km,6 hours 16 mins
"QUITERIANOPOLIS, CE",SANTA CASA DE MISERICORDIA DE SOBRAL,1,304 km,4 hours 3 mins
"QUITERIANOPOLIS, CE",HM HOSPITAL DE MESSEJANA DR CARLOS ALBERTO STUDART GOMES,2,422 km,5 hours 34 mins
"SANTANA DO CARIRI, CE",HOSPITAL MATERNIDADE SAO VICENTE DE PAULO HMSVP,1,70.9 km,1 hour 16 mins
"SAO LUIS DO CURU, CE",HM HOSPITAL DE MESSEJANA DR CARLOS ALBERTO STUDART GOMES,1,95.8 km,1 hour 27 mins
"SAO LUIS DO CURU, CE",HOSPITAL HAROLDO JUACABA,1,80.5 km,1 hour 21 mins
"SAO LUIS DO CURU, CE",HOSPITAL UNIVERSITARIO WALTER CANTIDIO,1,80.9 km,1 hour 20 mins
"TIANGUA, CE",HM HOSPITAL DE MESSEJANA DR CARLOS ALBERTO STUDART GOMES,1,336 km,4 hours 42 mins
"TIANGUA, CE",HOSPITAL MATERNIDADE MADALENA NUNES,1,1.0 km,4 mins
"TIANGUA, CE",SANTA CASA DE MISERICORDIA DE SOBRAL,1,88.8 km,1 hour 22 mins
"TIANGUA, CE",HOSPITAL HAROLDO JUACABA,1,328 km,4 hours 29 mins
"UMIRIM, CE",HGF HOSPITAL GERAL DE FORTALEZA,2,108 km,1 hour 53 mins
"UMIRIM, CE",HM HOSPITAL DE MESSEJANA DR CARLOS ALBERTO STUDART GOMES,2,109 km,1 hour 37 mins
"UMIRIM, CE",HOSPITAL MATERNIDADE SAO VICENTE DE PAULO,1,597 km,8 hours 19 mins
"UMIRIM, CE",HOSPITAL HAROLDO JUACABA,1,93.5 km,1 hour 30 mins
"FORTIM, CE",HGF HOSPITAL GERAL DE FORTALEZA,1,129 km,1 hour 55 mins
"FORTIM, CE",HM HOSPITAL DE MESSEJANA DR CARLOS ALBERTO STUDART GOMES,1,126 km,1 hour 43 mins
"FORTIM, CE",HGCC HOSPITAL GERAL DR CESAR CALS,1,134 km,2 hours 4 mins
"PARAMBU, CE",HOSPITAL DR ALBERTO FEITOSA LIMA,1,64.4 km,56 mins
"PARAMBU, CE",HM HOSPITAL DE MESSEJANA DR CARLOS ALBERTO STUDART GOMES,2,418 km,5 hours 32 mins
"BELA CRUZ, CE",SANTA CASA DE MISERICORDIA DE SOBRAL,1,100 km,1 hour 31 mins
"BELA CRUZ, CE",HM HOSPITAL DE MESSEJANA DR CARLOS ALBERTO STUDART GOMES,4,244 km,3 hours 38 mins
"BELA CRUZ, CE",HOSPITAL HAROLDO JUACABA,1,236 km,3 hours 25 mins
"BELA CRUZ, CE",HOSPITAL MUNICIPAL DE BELA CRUZ,1,1 m,1 min
"CRUZEIRO DO SUL, AC",HOSPITAL UNIVERSITARIO WALTER CANTIDIO,1,"4,824 km",3 days 0 hours
"MASSAPE, CE",SANTA CASA DE MISERICORDIA DE SOBRAL,1,20.2 km,25 mins
"MASSAPE, CE",HM HOSPITAL DE MESSEJANA DR CARLOS ALBERTO STUDART GOMES,1,261 km,3 hours 35 mins
"PALHANO, CE",HM HOSPITAL DE MESSEJANA DR CARLOS ALBERTO STUDART GOMES,2,145 km,2 hours 11 mins
"PALHANO, CE",HOSPITAL E CASA DE SAUDE DE RUSSAS,1,35.0 km,34 mins
"TEJUCUOCA, CE",HM HOSPITAL DE MESSEJANA DR CARLOS ALBERTO STUDART GOMES,1,157 km,2 hours 8 mins
"BARRO, CE",HOSPITAL DO CORACAO DO CARIRI,1,118 km,2 hours 7 mins
"BARRO, CE",HOSPITAL MATERNIDADE SAO VICENTE DE PAULO HMSVP,1,117 km,2 hours 6 mins
"BARRO, CE",HOSPITAL REGIONAL DO CARIRI,2,107 km,1 hour 52 mins
"GUARAMIRANGA, CE",HM HOSPITAL DE MESSEJANA DR CARLOS ALBERTO STUDART GOMES,1,119 km,1 hour 56 mins
"GUARAMIRANGA, CE",HOSPITAL HAROLDO JUACABA,1,103 km,1 hour 49 mins
"ASSARE, CE",HM HOSPITAL DE MESSEJANA DR CARLOS ALBERTO STUDART GOMES,2,456 km,6 hours 37 mins
"ASSARE, CE",HOSPITAL MATERNIDADE SAO VICENTE DE PAULO HMSVP,1,107 km,1 hour 46 mins
"CATUNDA, CE",SANTA CASA DE MISERICORDIA DE SOBRAL,1,126 km,1 hour 36 mins
"CATUNDA, CE",HM HOSPITAL DE MESSEJANA DR CARLOS ALBERTO STUDART GOMES,1,272 km,3 hours 30 mins
"CATUNDA, CE",HOSPITAL MUNICIPAL DE CATUNDA FRANCISCA GONCALVES DE OLIVEIR,1,1 m,1 min
"IRAUCUBA, CE",HGF HOSPITAL GERAL DE FORTALEZA,1,167 km,2 hours 44 mins
"IRAUCUBA, CE",HM HOSPITAL DE MESSEJANA DR CARLOS ALBERTO STUDART GOMES,2,168 km,2 hours 28 mins
"IRAUCUBA, CE",HOSPITAL MUNICIPAL DR PEDRO DE CASTRO MARINHO,1,0.9 km,3 mins
"IRAUCUBA, CE",SANTA CASA DE MISERICORDIA DE SOBRAL,1,79.2 km,1 hour 9 mins
"JATI, CE",HM HOSPITAL DE MESSEJANA DR CARLOS ALBERTO STUDART GOMES,2,512 km,7 hours 5 mins
"JATI, CE",HOSPITAL DO CORACAO DO CARIRI,1,72.6 km,1 hour 14 mins
"MADALENA, CE",HM HOSPITAL DE MESSEJANA DR CARLOS ALBERTO STUDART GOMES,1,209 km,2 hours 56 mins
"PACOTI, CE",HM HOSPITAL DE MESSEJANA DR CARLOS ALBERTO STUDART GOMES,1,116 km,1 hour 51 mins
"PARAIPABA, CE",HGCC HOSPITAL GERAL DR CESAR CALS,1,96.1 km,1 hour 32 mins
"PARAIPABA, CE",HM HOSPITAL DE MESSEJANA DR CARLOS ALBERTO STUDART GOMES,1,107 km,1 hour 39 mins
"PARAIPABA, CE",HOSPITAL GERAL DR WALDEMAR ALCANTARA,1,110 km,1 hour 44 mins
"PARAIPABA, CE",HOSPITAL DISTRITAL DR FERNANDES TAVORA,1,92.0 km,1 hour 23 mins
"IBARETAMA, CE",HM HOSPITAL DE MESSEJANA DR CARLOS ALBERTO STUDART GOMES,2,131 km,1 hour 49 mins
"IBARETAMA, CE",CRIO CENTRO REGIONAL INTEGRADO DE ONCOLOGIA,1,148 km,2 hours 20 mins
"IBARETAMA, CE",HOSPITAL E MATERNIDADE FRANCISCO RAIMUNDO MARCOS,1,47.7 km,39 mins
"MORRINHOS, CE",SANTA CASA DE MISERICORDIA DE SOBRAL,1,69.8 km,59 mins
"MORRINHOS, CE",HM HOSPITAL DE MESSEJANA DR CARLOS ALBERTO STUDART GOMES,1,221 km,3 hours 15 mins
"IBICUITINGA, CE",HM HOSPITAL DE MESSEJANA DR CARLOS ALBERTO STUDART GOMES,2,184 km,2 hours 31 mins
"IBICUITINGA, CE",HOSPITAL MUNICIPAL DR EUDASIO BARROSO HMEB,1,44.2 km,39 mins
"QUIXERE, CE",HGCC HOSPITAL GERAL DR CESAR CALS,1,197 km,3 hours 7 mins
"QUIXERE, CE",HM HOSPITAL DE MESSEJANA DR CARLOS ALBERTO STUDART GOMES,1,185 km,2 hours 46 mins
"QUIXERE, CE",HOSPITAL HAROLDO JUACABA,1,198 km,3 hours 7 mins
"QUIXERE, CE",HOSPITAL SAO RAIMUNDO,1,196 km,3 hours 6 mins
"ARACOIABA, CE",HGCC HOSPITAL GERAL DR CESAR CALS,1,83.5 km,1 hour 37 mins
"ARACOIABA, CE",HM HOSPITAL DE MESSEJANA DR CARLOS ALBERTO STUDART GOMES,1,85.2 km,1 hour 22 mins
"ARACOIABA, CE",HOSP MATERN SANTA IZABEL ARACOIABA,1,1 m,1 min
"FRECHEIRINHA, CE",SANTA CASA DE MISERICORDIA DE SOBRAL,1,54.2 km,46 mins
"FRECHEIRINHA, CE",HOSP MATERN MENINO JESUS DE PRAGA,1,0.5 km,2 mins
"GENERAL SAMPAIO, CE",HM HOSPITAL DE MESSEJANA DR CARLOS ALBERTO STUDART GOMES,1,140 km,1 hour 55 mins
"PARAMOTI, CE",HM HOSPITAL DE MESSEJANA DR CARLOS ALBERTO STUDART GOMES,1,114 km,1 hour 34 mins
"IRACEMA, CE",HM HOSPITAL DE MESSEJANA DR CARLOS ALBERTO STUDART GOMES,1,273 km,3 hours 48 mins
"IRACEMA, CE",HOSPITAL E MATERNIDADE MARIA ROQUE DE MACEDO,1,0.4 km,1 min
"IRACEMA, CE",HOSPITAL HAROLDO JUACABA,1,286 km,4 hours 9 mins
"IRACEMA, CE",HGF HOSPITAL GERAL DE FORTALEZA,1,285 km,4 hours 6 mins
"MILAGRES, CE",HM HOSPITAL DE MESSEJANA DR CARLOS ALBERTO STUDART GOMES,3,467 km,6 hours 25 mins
"MILAGRES, CE",HOSPITAL MATERNIDADE SAO VICENTE DE PAULO HMSVP,1,48.4 km,54 mins
"MILAGRES, CE",IMTAVI,1,22.0 km,23 mins
"MILAGRES, CE",HOSPITAL MUNICIPAL NOSSA SENHORA DOS MILAGRES,1,0.8 km,2 mins
"FORQUILHA, CE",SANTA CASA DE MISERICORDIA DE SOBRAL,1,18.6 km,20 mins
"FORQUILHA, CE",HM HOSPITAL DE MESSEJANA DR CARLOS ALBERTO STUDART GOMES,1,227 km,3 hours 14 mins
"CANDEIAS DO JAMARI, RO",HM HOSPITAL DE MESSEJANA DR CARLOS ALBERTO STUDART GOMES,1,"3,711 km",2 days 8 hours
"CAMPOS SALES, CE",HOSPITAL MATERNIDADE SAO VICENTE DE PAULO HMSVP,2,156 km,2 hours 25 mins
"CAMPOS SALES, CE",HM HOSPITAL DE MESSEJANA DR CARLOS ALBERTO STUDART GOMES,2,498 km,6 hours 58 mins
"CAMPOS SALES, CE",HOSPITAL REGIONAL DO CARIRI,1,147 km,2 hours 13 mins
"CAMPOS SALES, CE",HOSPITAL DO CORACAO DO CARIRI,1,157 km,2 hours 26 mins
"MULUNGU, CE",HM HOSPITAL DE MESSEJANA DR CARLOS ALBERTO STUDART GOMES,2,117 km,2 hours 10 mins
"MULUNGU, CE",HGF HOSPITAL GERAL DE FORTALEZA,2,122 km,2 hours 27 mins
"NOVA OLINDA, CE",HOSPITAL DE PEQUENO PORTE ANA ALENCAR ALVES,1,0.5 km,2 mins
"NOVA OLINDA, CE",HOSPITAL MATERNIDADE SAO VICENTE DE PAULO HMSVP,2,59.9 km,1 hour 5 mins
"TURURU, CE",HM HOSPITAL DE MESSEJANA DR CARLOS ALBERTO STUDART GOMES,2,126 km,1 hour 52 mins
"TURURU, CE",HOSPITAL HAROLDO JUACABA,1,110 km,1 hour 46 mins
"UBERABA, MG",HOSPITAL MUNICIPAL NOSSA SENHORA DOS MILAGRES,1,"2,126 km",1 day 7 hours
"BANABUIU, CE",HOSPITAL MUNICIPAL SENADOR CARLOS JEREISSATI,1,1.2 km,5 mins
"BANABUIU, CE",HOSPITAL UNIVERSITARIO WALTER CANTIDIO,1,226 km,3 hours 8 mins
"BANABUIU, CE",HM HOSPITAL DE MESSEJANA DR CARLOS ALBERTO STUDART GOMES,1,214 km,2 hours 49 mins
"CHAVAL, CE",HOSPITAL DEPUTADO MURILO AGUIAR,1,52.1 km,46 mins
"CHAVAL, CE",HM HOSPITAL DE MESSEJANA DR CARLOS ALBERTO STUDART GOMES,2,410 km,5 hours 25 mins
"GRACA, CE",HIAS HOSPITAL INFANTIL ALBERT SABIN,1,317 km,4 hours 22 mins
"GRACA, CE",HOSPITAL MUNICIPAL SENADOR CARLOS JEREISSATI,1,355 km,4 hours 56 mins
"GRACA, CE",SANTA CASA DE MISERICORDIA DE SOBRAL,1,73.7 km,1 hour 6 mins
"MARTINOPOLE, CE",SANTA CASA DE MISERICORDIA DE SOBRAL,1,80.2 km,1 hour 14 mins
"AURORA, SC",HOSPITAL MATERNIDADE SAO VICENTE DE PAULO HMSVP,1,"3,133 km",1 day 20 hours
"VALPARAISO DE GOIAS, GO",HGF HOSPITAL GERAL DE FORTALEZA,1,"2,162 km",1 day 5 hours
"FARIAS BRITO, CE",HOSPITAL GERAL DR WALDEMAR ALCANTARA,1,456 km,6 hours 28 mins
"FARIAS BRITO, CE",HOSPITAL GERAL DE FARIAS BRITO HGFB,1,1.2 km,4 mins
"FARIAS BRITO, CE",HOSPITAL MATERNIDADE SAO VICENTE DE PAULO HMSVP,1,65.2 km,1 hour 14 mins
"FARIAS BRITO, CE",HGCC HOSPITAL GERAL DR CESAR CALS,1,465 km,6 hours 43 mins
"ALCANTARAS, CE",SANTA CASA DE MISERICORDIA DE SOBRAL,1,35.2 km,44 mins
"MILHA, CE",HM HOSPITAL DE MESSEJANA DR CARLOS ALBERTO STUDART GOMES,1,290 km,3 hours 52 mins
"MILHA, CE",HOSPITAL MUNICIPAL JOAO LEOPOLDO PINHEIRO LANDIM,1,0.5 km,2 mins
"IPU, CE",HOSPITAL UNIVERSITARIO WALTER CANTIDIO,1,293 km,3 hours 57 mins
"IPU, CE",HOSPITAL HAROLDO JUACABA,1,293 km,3 hours 58 mins
"LAVRAS DA MANGABEIRA, CE",HOSPITAL MATERNIDADE SAO VICENTE DE PAULO HMSVP,1,90.9 km,1 hour 44 mins
"LAVRAS DA MANGABEIRA, CE",HM HOSPITAL DE MESSEJANA DR CARLOS ALBERTO STUDART GOMES,1,404 km,5 hours 35 mins
"MOSSORO, RN",HM HOSPITAL DE MESSEJANA DR CARLOS ALBERTO STUDART GOMES,1,232 km,3 hours 8 mins
"IPAUMIRIM, CE",HOSPITAL HAROLDO JUACABA,1,414 km,5 hours 51 mins
"IPAUMIRIM, CE",HGCC HOSPITAL GERAL DR CESAR CALS,1,413 km,5 hours 50 mins
"CARNAUBAL, CE",SANTA CASA DE MISERICORDIA DE SOBRAL,1,107 km,1 hour 45 mins
"CARNAUBAL, CE",HM HOSPITAL DE MESSEJANA DR CARLOS ALBERTO STUDART GOMES,1,340 km,4 hours 44 mins
"DEPUTADO IRAPUAN PINHEIRO, CE",HM HOSPITAL DE MESSEJANA DR CARLOS ALBERTO STUDART GOMES,2,321 km,4 hours 19 mins
"DEPUTADO IRAPUAN PINHEIRO, CE",HOSPITAL HAROLDO JUACABA,1,334 km,4 hours 41 mins
"DEPUTADO IRAPUAN PINHEIRO, CE",CRIO CENTRO REGIONAL INTEGRADO DE ONCOLOGIA,1,338 km,4 hours 50 mins
"ARARENDA, CE",HM HOSPITAL DE MESSEJANA DR CARLOS ALBERTO STUDART GOMES,1,347 km,4 hours 45 mins
"ARARENDA, CE",SANTA CASA DE MISERICORDIA DE SOBRAL,1,157 km,2 hours 34 mins
"ARARIPE, CE",HOSPITAL MATERNIDADE SAO VICENTE DE PAULO HMSVP,1,123 km,2 hours 0 mins
"ARARIPE, CE",HOSPITAL REGIONAL DO CARIRI,1,114 km,1 hour 48 mins
"POTIRETAMA, CE",HM HOSPITAL DE MESSEJANA DR CARLOS ALBERTO STUDART GOMES,1,272 km,3 hours 46 mins
"POTIRETAMA, CE",HOSPITAL SAO RAIMUNDO,1,283 km,4 hours 6 mins
"PACUJA, CE",SANTA CASA DE MISERICORDIA DE SOBRAL,1,64.5 km,59 mins
"PACUJA, CE",HM HOSPITAL DE MESSEJANA DR CARLOS ALBERTO STUDART GOMES,1,315 km,4 hours 14 mins
"SAO JOAO DO JAGUARIBE, CE",HM HOSPITAL DE MESSEJANA DR CARLOS ALBERTO STUDART GOMES,2,211 km,2 hours 59 mins
"SAO JOAO DO JAGUARIBE, CE",HOSPITAL UNIVERSITARIO WALTER CANTIDIO,2,223 km,3 hours 18 mins
"CAPISTRANO, CE",HOSPITAL HAROLDO JUACABA,1,97.2 km,1 hour 48 mins
"CAPISTRANO, CE",HOSPITAL GERAL DR WALDEMAR ALCANTARA,1,103 km,1 hour 41 mins
"CAPISTRANO, CE",HM HOSPITAL DE MESSEJANA DR CARLOS ALBERTO STUDART GOMES,2,101 km,1 hour 38 mins
"INDEPENDENCIA, CE",HM HOSPITAL DE MESSEJANA DR CARLOS ALBERTO STUDART GOMES,1,318 km,4 hours 15 mins
"INDEPENDENCIA, CE",HOSPITAL HAROLDO JUACABA,1,303 km,4 hours 8 mins
"SENADOR SA, CE",HIAS HOSPITAL INFANTIL ALBERT SABIN,1,281 km,3 hours 52 mins
"PATU, RN",HM HOSPITAL DE MESSEJANA DR CARLOS ALBERTO STUDART GOMES,2,352 km,4 hours 49 mins
"PIQUET CARNEIRO, CE",HOSPITAL HAROLDO JUACABA,1,330 km,4 hours 38 mins
"PIQUET CARNEIRO, CE",HM HOSPITAL DE MESSEJANA DR CARLOS ALBERTO STUDART GOMES,1,286 km,3 hours 59 mins
"ALTANEIRA, CE",HOSPITAL MATERNIDADE SAO VICENTE DE PAULO HMSVP,1,74.7 km,1 hour 24 mins
"ALTANEIRA, CE",HOSPITAL DO CORACAO DO CARIRI,1,75.5 km,1 hour 25 mins
"SABOEIRO, CE",UNID MISTA DE SABOEIRO,1,0.9 km,3 mins
"SABOEIRO, CE",HOSPITAL MATERNIDADE SAO VICENTE DE PAULO HMSVP,1,160 km,2 hours 31 mins
"UMARI, CE",HM HOSPITAL DE MESSEJANA DR CARLOS ALBERTO STUDART GOMES,1,391 km,5 hours 22 mins
"UMARI, CE",HOSPITAL UNIVERSITARIO WALTER CANTIDIO,1,403 km,5 hours 40 mins
"UMARI, CE",HOSPITAL REGIONAL DO CARIRI,1,137 km,2 hours 18 mins
"UMARI, CE",HOSPITAL MATERNIDADE SAO VICENTE DE PAULO HMSVP,1,146 km,2 hours 29 mins
"BACABAL, MA",HM HOSPITAL DE MESSEJANA DR CARLOS ALBERTO STUDART GOMES,1,871 km,12 hours 25 mins
"NOVO ORIENTE, CE",HM HOSPITAL DE MESSEJANA DR CARLOS ALBERTO STUDART GOMES,1,407 km,5 hours 22 mins
"NOVO ORIENTE, CE",HOSPITAL HAROLDO JUACABA,1,392 km,5 hours 15 mins
"IPAPORANGA, CE",HM HOSPITAL DE MESSEJANA DR CARLOS ALBERTO STUDART GOMES,1,366 km,5 hours 4 mins
"POTENGI, CE",HOSPITAL MATERNIDADE SAO VICENTE DE PAULO HMSVP,1,102 km,1 hour 40 mins
"POTENGI, CE",HOSPITAL MUNICIPAL DE POTENGI,1,1 m,1 min
"POTENGI, CE",HOSPITAL DO CORACAO DO CARIRI,1,103 km,1 hour 41 mins
"PORTEIRAS, CE",HOSPITAL MATERNIDADE SAO VICENTE DE PAULO HMSVP,1,45.7 km,1 hour 3 mins
"PORTEIRAS, CE",IMTAVI,1,19.2 km,20 mins
"GRANJEIRO, CE",HOSPITAL MATERNIDADE SAO VICENTE DE PAULO HMSVP,1,66.1 km,1 hour 38 mins
"GRANJEIRO, CE",HOSPITAL SAO RAIMUNDO,1,445 km,6 hours 22 mins
"GRANJEIRO, CE",HOSPITAL MUNICIPAL DE GRANJEIRO,1,1.0 km,3 mins
"NOVA OLINDA, TO",HM HOSPITAL DE MESSEJANA DR CARLOS ALBERTO STUDART GOMES,2,"1,389 km",19 hours 53 mins
"BURITI DOS LOPES, PI",HM HOSPITAL DE MESSEJANA DR CARLOS ALBERTO STUDART GOMES,1,475 km,6 hours 47 mins
"MIRAIMA, CE",HM HOSPITAL DE MESSEJANA DR CARLOS ALBERTO STUDART GOMES,1,196 km,2 hours 47 mins
"CASCAVEL, PR",HM HOSPITAL DE MESSEJANA DR CARLOS ALBERTO STUDART GOMES,2,"3,538 km",1 day 22 hours
"TARRAFAS, CE",HOSPITAL DO CORACAO DO CARIRI,1,138 km,2 hours 18 mins
